student_id,age,gender,parental_education,household_income,previous_gpa,study_hours_per_week,attendance_rate,sleep_hours,exercise_hours_per_week,has_internet,has_computer,extracurricular_hours,school_type,class_size,final_score
STU0001,19,Female,PhD,20000.0,3.44,4.51,98.13,8.03,3.66,0,1,4,Public,28,73.7
STU0002,18,Female,High School,20000.0,3.56,7.6,97.6,7.66,1.81,1,0,4,Public,17,62.67
STU0003,19,Male,Master,49556.21,3.29,14.5,93.66,6.69,2.33,0,1,3,Public,23,82.74
STU0004,20,Other,High School,200000.0,1.18,10.4,98.86,8.3,5.68,1,1,2,Private,26,36.9
STU0005,18,Female,Bachelor,36139.56,3.33,1.48,96.49,6.85,1.96,1,1,2,Public,27,55.99
STU0006,18,Male,Master,71025.38,0.63,7.56,95.16,5.98,1.4,1,1,2,Public,32,22.88
STU0007,20,Male,High School,38772.38,0.8,1.72,48.36,6.09,2.04,1,1,5,Private,23,6.28
STU0008,19,Male,Master,33553.23,2.59,3.98,67.33,5.83,2.6,1,1,1,Public,32,49.35
STU0009,17,Male,Master,75755.11,2.05,6.66,90.07,6.67,0.63,1,1,3,Private,21,38.5
STU0010,19,Male,Bachelor,28789.91,3.75,6.04,90.96,8.48,6.94,0,0,1,Public,31,65.68
STU0011,17,Male,High School,44977.33,2.48,10.26,54.74,6.03,3.36,1,1,1,Private,29,31.87
STU0012,17,Male,High School,46974.41,1.42,14.54,91.39,7.23,3.01,0,1,7,Public,20,43.8
STU0013,18,Male,Bachelor,21280.1,3.76,7.15,94.69,6.21,0.31,1,1,6,Public,26,73.84
STU0014,16,Female,No Formal Education,80308.75,2.72,3.74,77.35,6.69,2.78,1,1,1,Public,24,55.09
STU0015,16,Male,Bachelor,31572.2,2.47,1.0,99.75,5.19,0.39,1,1,5,Public,28,43.1
STU0016,17,Female,High School,20000.0,2.41,12.04,87.83,6.74,0.25,1,1,3,Private,23,61.67
STU0017,16,Male,Bachelor,55782.08,2.2,4.66,69.5,6.77,2.25,1,1,2,Public,23,40.66
STU0018,18,Other,Bachelor,20000.0,3.97,4.86,90.82,7.65,1.55,1,1,3,Private,31,73.57
STU0019,17,Male,Master,37143.53,2.86,5.16,72.85,7.27,2.67,1,1,3,Public,24,45.64
STU0020,16,Male,High School,36051.54,3.94,6.92,93.38,5.56,0.28,0,1,4,Public,29,69.62
STU0021,20,Other,Master,86570.68,2.9,7.07,73.5,8.3,1.69,0,1,6,Public,23,49.15
STU0022,18,Female,Bachelor,53090.78,2.88,4.03,96.97,7.25,0.58,1,1,3,Public,33,63.08
STU0023,18,Female,No Formal Education,35595.64,3.12,4.63,92.15,7.24,13.05,1,1,3,Public,21,64.86
STU0024,16,Male,Bachelor,69857.52,2.2,3.01,93.82,6.99,2.47,1,1,5,Public,21,51.86
STU0025,17,Male,Bachelor,110433.19,1.05,2.73,93.62,6.38,3.49,1,1,0,Private,32,23.04
STU0026,18,Female,PhD,56740.77,1.4,2.72,88.01,7.26,1.18,1,1,5,Public,22,35.36
STU0027,16,Female,High School,36617.52,1.72,4.58,99.46,7.57,0.3,1,1,2,Public,33,38.57
STU0028,19,Female,PhD,20000.0,2.2,2.27,67.72,4.9,11.17,1,1,1,Public,29,36.93
STU0029,17,Female,Master,20000.0,2.66,1.0,82.56,6.35,1.01,1,1,4,Public,24,42.49
STU0030,18,Male,High School,28447.63,1.62,3.68,96.72,6.69,1.65,1,0,4,Private,15,34.95
STU0031,17,Female,Bachelor,22301.08,2.95,1.58,82.38,7.31,3.15,1,1,5,Public,24,46.66
STU0032,21,Male,Master,31270.27,2.27,5.44,64.41,8.43,0.08,1,0,2,Public,25,30.92
STU0033,18,Male,High School,37999.18,2.66,3.0,93.31,6.07,4.99,1,1,2,Public,30,55.09
STU0034,16,Male,Bachelor,55478.69,3.57,6.98,96.93,6.4,2.31,1,1,4,Public,32,74.65
STU0035,19,Female,Bachelor,34324.03,2.47,1.73,82.97,6.38,0.98,1,1,4,Public,21,41.7
STU0036,16,Male,Bachelor,53594.48,3.92,1.0,92.26,6.04,0.19,1,1,3,Public,29,74.15
STU0037,18,Male,High School,38237.79,3.71,4.64,76.98,6.58,0.53,1,1,1,Public,28,59.39
STU0038,16,Female,PhD,20000.0,2.69,3.56,79.31,7.92,6.76,1,1,1,Public,30,61.88
STU0039,16,Male,No Formal Education,20000.0,3.07,1.44,55.5,5.74,3.48,1,1,1,Private,27,41.83
STU0040,18,Female,No Formal Education,32361.67,1.3,8.65,87.01,7.51,0.86,1,1,1,Public,15,27.97
STU0041,19,Male,Master,20000.0,1.96,2.04,82.0,4.96,0.2,1,1,4,Private,24,43.34
STU0042,18,Female,High School,58685.21,1.27,2.62,89.61,6.33,3.52,1,1,3,Public,19,31.07
STU0043,18,Female,Master,123574.65,1.3,9.81,97.24,6.6,2.55,1,1,4,Private,23,44.2
STU0044,18,Male,High School,96279.38,3.55,7.27,74.7,9.01,1.56,1,1,3,Public,29,72.52
STU0045,16,Male,High School,30615.01,3.48,1.83,92.01,6.67,1.36,0,1,3,Public,26,54.22
STU0046,17,Male,Bachelor,119680.49,1.54,3.83,88.54,4.36,0.73,1,1,3,Public,30,31.25
STU0047,17,Male,Bachelor,40901.99,1.89,1.65,91.09,4.6,3.32,1,0,0,Public,26,12.78
STU0048,20,Other,Master,27731.69,2.74,9.32,51.38,7.04,10.59,1,1,6,Public,18,49.46
STU0049,19,Male,Master,22231.78,0.43,9.32,87.51,7.74,0.58,1,1,4,Public,12,30.39
STU0050,16,Female,Bachelor,28510.4,2.73,15.96,76.63,7.45,2.73,1,1,1,Public,25,62.45
STU0051,18,Male,High School,26621.08,3.44,20.07,90.46,7.2,1.66,1,1,6,Public,23,85.97
STU0052,17,Female,No Formal Education,41619.87,3.45,2.97,97.67,8.39,1.78,1,1,1,Public,20,59.41
STU0053,17,Female,Bachelor,41293.45,1.21,8.3,85.05,6.35,0.88,1,1,3,Private,16,42.51
STU0054,19,Female,Bachelor,36404.1,3.74,1.0,78.23,8.07,5.23,0,1,6,Public,21,69.44
STU0055,20,Female,High School,51510.99,3.9,5.75,99.06,5.04,1.99,0,0,3,Public,24,62.71
STU0056,19,Male,Master,94138.0,0.99,6.84,83.77,5.91,2.35,1,0,1,Public,28,19.04
STU0057,17,Male,Master,77624.88,3.33,2.14,91.87,4.83,1.09,1,1,4,Public,25,63.77
STU0058,18,Female,High School,20000.0,2.6,2.81,92.55,6.67,0.6,1,1,1,Public,33,55.5
STU0059,18,Female,High School,20000.0,3.47,9.36,96.51,6.94,0.27,1,1,4,Private,19,79.02
STU0060,19,Other,Master,76684.58,3.15,6.96,89.05,7.14,3.76,1,0,5,Public,29,74.38
STU0061,17,Male,Master,20000.0,2.04,14.64,86.62,7.07,0.66,1,1,1,Public,25,49.11
STU0062,18,Female,High School,30338.95,3.26,13.52,72.38,5.89,3.51,1,1,2,Public,28,59.41
STU0063,16,Female,No Formal Education,20000.0,3.4,1.0,97.5,6.77,1.48,1,1,5,Public,22,53.76
STU0064,16,Male,High School,20000.0,3.93,3.23,98.62,5.2,1.61,0,0,9,Private,30,66.2
STU0065,19,Male,Bachelor,56003.54,2.82,1.94,82.71,8.64,1.9,1,0,5,Private,26,51.66
STU0066,20,Female,PhD,66657.59,2.99,8.54,88.85,6.64,1.38,1,1,4,Public,21,65.61
STU0067,18,Female,Bachelor,22897.7,3.84,6.18,63.47,6.41,0.32,1,0,4,Public,24,62.31
STU0068,20,Female,Bachelor,20000.0,3.51,2.07,86.98,8.91,1.11,1,1,4,Public,23,71.77
STU0069,19,Male,Bachelor,23458.88,0.95,2.39,76.21,5.51,3.27,1,1,3,Public,27,5.05
STU0070,17,Female,High School,49684.25,1.33,11.57,60.67,5.65,3.29,1,0,2,Public,19,19.19
STU0071,19,Male,No Formal Education,20000.0,3.98,3.55,90.05,5.68,1.01,1,1,2,Private,24,73.4
STU0072,20,Male,Bachelor,42053.08,2.3,1.0,92.21,6.92,1.85,1,1,7,Public,26,40.33
STU0073,18,Male,PhD,35873.43,1.59,1.89,92.17,7.52,0.64,1,0,4,Public,25,27.75
STU0074,20,Female,High School,57724.28,2.45,16.66,98.34,7.89,0.71,1,1,3,Public,31,72.16
STU0075,16,Female,High School,39961.2,3.06,10.0,95.92,10.09,0.07,1,1,1,Private,28,65.99
STU0076,19,Female,High School,20000.0,3.48,1.54,93.4,4.3,6.81,1,1,1,Public,24,55.27
STU0077,18,Male,Master,94585.29,3.55,5.75,96.57,7.73,0.71,1,1,2,Private,26,77.66
STU0078,18,Female,Bachelor,31989.93,1.34,9.58,64.31,6.33,0.77,1,0,2,Public,26,18.14
STU0079,18,Male,PhD,35530.84,0.97,1.0,77.27,6.3,0.98,1,1,4,Public,27,21.86
STU0080,16,Female,Bachelor,20000.0,2.46,10.32,87.02,6.26,0.41,1,1,3,Private,15,52.22
STU0081,18,Male,No Formal Education,25473.0,2.01,6.91,78.13,5.91,3.06,1,1,4,Private,23,47.45
STU0082,19,Male,High School,20000.0,0.98,2.66,98.25,9.02,0.23,1,1,6,Public,17,27.58
STU0083,20,Female,PhD,31623.1,3.29,7.72,94.75,8.01,0.43,1,1,2,Public,31,75.8
STU0084,17,Male,Master,142823.77,2.33,6.25,86.65,7.03,3.1,1,1,5,Private,24,59.46
STU0085,17,Female,Master,20000.0,2.5,6.56,91.94,8.62,1.25,1,1,1,Public,24,53.22
STU0086,17,Female,Master,20000.0,1.93,5.6,96.16,5.18,3.69,1,1,4,Public,29,30.58
STU0087,19,Male,Master,117822.7,3.85,2.31,57.26,5.4,2.45,1,1,2,Private,27,61.69
STU0088,18,Female,Bachelor,30716.06,1.04,2.72,61.78,4.39,0.89,1,1,5,Public,19,8.87
STU0089,17,Male,High School,21263.38,3.13,4.13,86.28,6.16,3.16,1,0,2,Public,24,53.34
STU0090,19,Female,High School,83443.39,2.58,5.18,90.73,7.19,0.37,1,1,4,Public,23,50.13
STU0091,18,Female,PhD,22370.7,3.36,8.05,59.6,7.12,2.31,1,1,2,Public,16,60.44
STU0092,19,Female,Bachelor,156499.45,2.43,16.92,84.91,7.18,1.72,0,0,6,Public,21,69.88
STU0093,17,Male,Master,62463.69,4.0,5.95,85.44,5.31,0.94,1,1,2,Public,24,64.04
STU0094,18,Female,Bachelor,24579.57,1.78,7.95,85.22,7.96,2.78,0,1,0,Public,24,42.23
STU0095,17,Female,High School,200000.0,1.92,9.25,68.9,7.29,6.15,1,1,2,Public,17,41.54
STU0096,16,Male,High School,22368.93,2.55,8.35,46.85,7.88,20.0,1,0,3,Public,30,44.26
STU0097,18,Male,Master,65754.03,2.64,2.22,91.74,4.73,2.81,1,1,2,Public,24,45.17
STU0098,18,Female,Bachelor,46139.93,3.42,12.3,84.48,7.37,1.56,1,1,4,Private,25,71.2
STU0099,18,Female,High School,102887.66,2.67,11.04,98.03,5.57,0.77,1,1,2,Public,27,61.98
STU0100,18,Female,Bachelor,126653.33,2.45,5.54,93.46,6.52,0.89,0,1,2,Private,21,57.48
STU0101,16,Female,High School,37257.31,4.0,2.35,85.63,7.64,1.96,1,1,4,Public,27,72.11
STU0102,17,Female,Bachelor,20000.0,1.67,5.12,87.94,7.11,1.37,1,1,1,Private,23,37.36
STU0103,17,Male,High School,52469.0,0.86,1.06,84.03,5.98,7.35,1,1,1,Public,20,10.23
STU0104,17,Male,Master,21116.87,1.19,13.38,95.21,7.01,1.38,1,1,4,Public,27,45.27
STU0105,18,Male,Bachelor,181808.61,3.94,2.94,98.8,5.16,1.4,1,1,3,Private,32,85.2
STU0106,19,Female,Bachelor,40506.93,3.2,3.97,99.08,8.38,1.45,0,1,8,Private,28,63.53
STU0107,21,Male,High School,27112.3,3.46,12.75,82.6,6.75,5.44,1,1,1,Public,29,69.83
STU0108,18,Female,High School,42097.53,0.91,11.76,76.67,8.34,3.16,0,1,4,Private,22,27.2
STU0109,18,Female,Bachelor,20000.0,0.79,6.43,41.11,6.37,2.86,1,1,2,Public,17,4.22
STU0110,18,Female,Bachelor,20000.0,2.61,14.71,95.01,6.37,1.22,1,0,2,Private,32,45.33
STU0111,16,Male,Bachelor,94876.48,3.63,2.16,98.31,6.08,5.11,1,1,3,Public,35,69.07
STU0112,18,Female,High School,21471.56,3.83,6.43,88.42,8.05,0.12,1,1,4,Public,32,67.42
STU0113,18,Male,Master,20000.0,3.11,2.18,93.95,6.15,6.14,1,1,3,Public,23,50.8
STU0114,22,Female,PhD,55788.45,2.94,10.59,82.23,7.77,2.16,1,1,4,Public,19,73.1
STU0115,18,Male,Master,93766.54,0.68,10.34,90.01,6.54,1.52,1,1,5,Private,19,26.62
STU0116,18,Male,High School,64547.89,3.47,15.39,90.12,4.63,2.06,1,1,5,Public,16,73.17
STU0117,18,Female,Bachelor,80566.5,2.31,5.0,92.88,6.32,3.3,1,0,2,Public,24,50.99
STU0118,16,Male,High School,20000.0,2.95,18.21,93.66,5.59,0.04,1,1,5,Public,33,61.87
STU0119,20,Male,High School,20000.0,1.86,2.01,90.49,7.04,6.16,1,1,3,Public,24,28.07
STU0120,19,Female,No Formal Education,120700.42,3.99,4.79,77.09,5.57,1.78,1,1,5,Public,26,68.9
STU0121,19,Female,High School,28053.15,0.11,2.08,90.21,8.11,1.26,1,0,3,Public,31,8.85
STU0122,17,Female,Bachelor,29712.81,3.19,5.8,84.87,6.89,0.45,1,1,6,Private,22,53.88
STU0123,20,Female,Bachelor,105088.2,2.91,2.25,71.86,6.79,1.74,1,1,1,Public,35,48.11
STU0124,16,Female,Master,56669.08,3.95,10.61,65.03,7.79,2.06,1,1,1,Public,34,78.27
STU0125,19,Male,Bachelor,52297.83,2.26,7.08,82.54,8.16,1.55,1,1,4,Private,24,39.96
STU0126,21,Male,High School,200000.0,3.96,1.85,72.65,6.98,3.41,1,1,3,Public,22,71.45
STU0127,17,Male,Bachelor,21702.56,2.64,8.98,99.49,6.07,1.64,1,0,7,Private,28,61.17
STU0128,17,Female,Bachelor,76288.09,3.37,14.03,91.46,4.87,9.76,1,1,2,Private,23,76.83
STU0129,18,Female,High School,38010.23,3.9,7.57,88.21,6.18,2.74,1,1,0,Public,19,79.2
STU0130,17,Male,Bachelor,45020.53,1.56,1.36,85.08,6.26,4.94,1,1,2,Public,31,33.26
STU0131,16,Female,High School,123349.21,3.73,4.44,78.91,7.13,0.35,1,1,3,Public,31,65.37
STU0132,18,Female,High School,54517.04,3.38,8.26,81.4,6.59,1.52,1,0,2,Public,25,56.38
STU0133,16,Male,Bachelor,55861.84,3.55,4.12,86.16,7.83,1.23,1,1,3,Private,18,63.73
STU0134,19,Female,High School,85648.4,2.85,1.99,83.5,6.26,2.53,1,1,3,Public,18,48.45
STU0135,17,Female,Bachelor,27120.3,1.16,11.44,97.71,6.93,5.92,1,1,1,Public,25,42.85
STU0136,20,Female,Master,20000.0,2.48,3.98,93.19,8.42,0.24,1,1,4,Public,22,51.79
STU0137,17,Male,Master,20000.0,2.6,14.04,62.86,7.41,0.23,1,1,4,Public,23,44.48
STU0138,18,Female,High School,20000.0,2.09,3.25,97.83,6.93,5.7,1,1,4,Public,30,50.23
STU0139,19,Female,High School,188144.53,2.41,3.79,53.15,6.28,0.72,1,1,3,Private,28,37.33
STU0140,16,Female,High School,20000.0,1.8,3.03,85.77,6.24,3.31,1,1,2,Public,31,28.79
STU0141,18,Female,Bachelor,30424.31,2.72,4.39,98.52,5.98,2.35,1,1,2,Public,20,57.85
STU0142,20,Female,Master,29101.63,1.58,6.99,97.22,6.35,5.37,1,1,2,Public,23,50.13
STU0143,16,Female,High School,46440.41,2.86,2.08,77.97,7.91,0.4,0,1,0,Private,28,30.32
STU0144,18,Male,PhD,69744.22,2.55,1.73,64.03,6.73,0.42,1,1,4,Public,27,43.75
STU0145,18,Female,High School,72285.5,3.87,1.0,84.13,5.38,2.44,1,1,2,Private,32,54.52
STU0146,19,Female,Bachelor,22777.72,1.67,1.0,37.31,9.12,8.78,1,1,4,Public,27,24.45
STU0147,16,Male,Master,31770.79,1.68,1.37,99.17,7.38,1.61,1,0,2,Private,34,34.37
STU0148,16,Female,PhD,45527.14,3.0,3.23,69.02,5.31,1.19,1,1,7,Public,27,53.54
STU0149,19,Female,Master,29763.77,3.86,5.72,97.69,6.47,2.8,1,1,5,Public,30,73.89
STU0150,18,Female,Master,131383.59,2.18,6.72,64.62,7.13,8.0,0,1,3,Public,23,32.87
STU0151,18,Female,Bachelor,53786.62,1.5,5.52,90.73,9.05,5.44,1,1,1,Public,25,37.78
STU0152,19,Male,Master,65375.46,2.18,12.99,84.8,5.67,16.2,1,1,4,Public,29,62.8
STU0153,17,Other,High School,61716.4,3.18,15.77,84.17,8.17,0.07,1,1,1,Public,33,77.76
STU0154,18,Female,PhD,92853.58,1.57,3.99,81.57,8.68,0.36,1,1,2,Public,28,31.65
STU0155,18,Male,Bachelor,41974.49,3.13,2.12,59.38,6.25,2.82,1,1,2,Public,24,50.38
STU0156,17,Female,Master,20000.0,3.98,18.95,71.05,6.67,5.15,1,1,4,Private,31,86.84
STU0157,21,Female,Bachelor,49998.6,2.55,11.17,86.85,5.76,1.01,1,1,5,Public,14,58.27
STU0158,19,Female,Bachelor,21566.89,3.48,10.62,87.65,6.76,0.82,1,1,2,Private,17,70.56
STU0159,16,Female,Bachelor,23792.05,1.12,3.12,85.72,6.96,4.64,1,1,2,Public,28,24.62
STU0160,19,Male,Master,58051.81,2.77,9.13,58.09,7.79,0.17,1,1,2,Public,25,56.85
STU0161,17,Male,High School,97794.78,3.44,5.56,61.56,8.31,1.38,1,1,3,Public,28,52.11
STU0162,19,Male,High School,36938.78,0.59,4.72,82.43,6.1,2.11,1,1,4,Public,25,9.26
STU0163,20,Female,High School,46493.44,0.79,4.71,96.5,4.64,2.47,1,1,1,Private,27,19.99
STU0164,17,Male,High School,141743.16,0.62,7.22,95.05,6.97,3.91,1,1,4,Public,20,39.57
STU0165,19,Male,PhD,44028.95,1.78,13.27,76.26,7.35,1.31,1,1,5,Private,27,46.96
STU0166,19,Male,High School,200000.0,3.53,19.97,93.76,7.3,2.85,1,0,1,Private,29,98.51
STU0167,19,Female,No Formal Education,57091.34,0.71,3.59,77.54,6.61,2.64,1,1,2,Public,31,23.26
STU0168,21,Female,Bachelor,20000.0,3.2,5.8,95.91,7.15,2.38,1,1,3,Private,35,64.68
STU0169,18,Male,High School,66348.29,2.31,4.63,99.34,8.82,3.07,1,1,1,Public,26,50.74
STU0170,17,Male,Master,49262.91,3.03,6.89,75.71,7.46,0.9,1,1,3,Private,26,57.16
STU0171,17,Female,Master,101905.6,3.66,4.19,88.98,6.55,0.27,1,1,4,Private,17,71.76
STU0172,17,Female,Bachelor,62227.05,1.53,2.82,63.77,6.4,0.38,1,0,4,Public,22,9.38
STU0173,18,Male,Bachelor,32507.8,2.76,3.6,87.3,6.8,0.76,1,1,3,Private,24,51.76
STU0174,19,Female,Master,20000.0,3.73,3.16,95.8,8.96,2.08,1,1,5,Public,30,83.48
STU0175,18,Male,High School,30723.45,0.84,4.45,87.22,6.78,5.51,1,1,1,Public,21,17.56
STU0176,19,Male,No Formal Education,20000.0,3.87,1.48,98.05,6.98,3.62,0,1,4,Public,28,64.75
STU0177,18,Female,No Formal Education,22824.3,3.31,3.21,78.03,6.42,4.67,1,0,2,Public,24,41.53
STU0178,20,Male,Master,58154.74,3.82,6.84,81.69,8.32,1.3,1,1,1,Public,24,77.4
STU0179,18,Female,High School,138126.28,3.14,6.8,90.84,9.35,1.56,1,1,4,Private,26,72.45
STU0180,22,Male,Master,49798.35,3.53,6.04,99.48,7.54,1.5,1,1,3,Public,23,74.74
STU0181,19,Female,High School,20000.0,4.0,12.51,92.9,7.1,0.64,1,1,2,Public,22,81.62
STU0182,17,Female,High School,51827.81,1.72,7.03,88.62,7.04,0.19,1,1,2,Public,16,36.47
STU0183,16,Male,High School,94589.82,0.61,12.24,69.89,4.14,2.68,0,1,1,Public,23,14.99
STU0184,19,Female,Bachelor,22296.25,1.34,19.98,77.25,7.89,13.59,1,1,2,Private,22,55.98
STU0185,18,Male,PhD,32623.44,3.1,9.29,79.56,7.16,0.55,1,1,4,Private,22,69.91
STU0186,19,Other,Master,36744.75,3.49,1.49,91.0,7.51,0.14,1,1,4,Private,27,67.19
STU0187,19,Male,Master,20000.0,3.53,6.22,87.88,6.15,4.54,1,1,6,Public,28,75.36
STU0188,18,Male,Bachelor,60999.71,3.47,5.57,73.38,6.54,0.87,0,1,1,Public,26,59.28
STU0189,17,Male,Bachelor,32966.31,2.43,14.02,41.26,6.51,5.31,1,1,4,Private,29,48.06
STU0190,16,Other,Bachelor,50798.7,3.93,4.58,96.65,8.23,3.65,1,0,0,Private,27,83.26
STU0191,17,Female,No Formal Education,20000.0,0.75,2.49,84.3,6.55,8.74,1,1,2,Public,23,19.3
STU0192,19,Female,High School,25591.96,1.75,3.37,95.99,9.5,1.58,1,0,2,Public,22,43.79
STU0193,18,Male,PhD,64725.15,3.08,1.54,98.27,7.52,3.25,1,1,2,Private,26,69.02
STU0194,16,Female,Bachelor,26949.86,0.78,17.91,98.34,5.47,1.88,1,1,1,Private,27,28.77
STU0195,18,Male,Bachelor,144577.52,3.21,5.07,94.72,6.85,2.99,1,1,3,Public,31,71.77
STU0196,19,Female,Master,26378.14,2.44,1.7,87.91,6.22,1.79,1,1,5,Private,30,46.76
STU0197,17,Male,Bachelor,43466.59,2.08,14.86,71.1,4.37,0.63,1,0,1,Public,22,38.15
STU0198,18,Male,PhD,76578.58,2.9,16.54,79.9,8.92,2.13,1,1,2,Public,24,78.61
STU0199,18,Male,PhD,20000.0,3.51,5.71,96.12,7.84,2.26,1,1,5,Public,28,73.37
STU0200,16,Female,Bachelor,20000.0,0.82,1.4,63.7,7.64,4.99,1,1,2,Public,30,11.93
STU0201,19,Female,High School,20000.0,2.94,3.44,96.53,7.2,3.99,1,1,2,Public,29,52.92
STU0202,19,Male,Bachelor,99714.59,3.23,4.2,64.0,5.34,3.27,1,1,4,Public,24,57.77
STU0203,20,Female,PhD,23353.76,1.27,5.21,83.31,6.42,0.36,1,1,2,Public,18,29.33
STU0204,20,Female,High School,200000.0,3.92,1.91,56.26,8.01,3.83,1,1,2,Private,20,63.66
STU0205,16,Female,Bachelor,23123.44,0.72,9.82,36.33,5.74,2.08,1,1,3,Private,26,3.39
STU0206,17,Male,Bachelor,42093.18,1.07,1.0,94.45,4.0,6.74,0,1,4,Public,26,17.08
STU0207,19,Male,Master,124702.72,1.83,10.93,93.41,6.73,7.57,1,1,4,Public,19,56.01
STU0208,19,Female,High School,180750.75,1.49,12.52,94.58,6.83,0.17,1,1,4,Private,25,49.7
STU0209,19,Male,Master,188943.42,0.27,3.73,99.56,7.16,5.16,1,1,5,Public,28,16.96
STU0210,24,Male,PhD,95482.0,3.62,4.76,83.16,7.87,0.12,1,1,2,Private,19,65.58
STU0211,19,Female,High School,82392.53,2.53,13.58,67.7,7.77,1.37,1,1,0,Private,30,59.26
STU0212,20,Female,High School,58338.73,2.21,8.04,99.81,7.31,2.34,1,1,3,Public,23,60.54
STU0213,19,Male,No Formal Education,67689.67,3.99,3.84,86.33,8.43,0.48,1,1,3,Private,31,68.97
STU0214,19,Male,High School,23366.33,3.9,4.22,49.78,5.18,4.11,1,1,2,Private,22,64.88
STU0215,18,Female,PhD,20000.0,1.51,7.25,81.46,7.61,0.03,1,1,3,Public,19,40.01
STU0216,19,Male,Bachelor,36217.6,3.39,16.86,53.69,7.75,0.55,1,0,5,Public,22,65.15
STU0217,17,Male,High School,31693.04,1.56,4.32,93.81,5.51,2.61,1,1,1,Public,24,27.8
STU0218,18,Male,PhD,25271.12,3.56,3.74,89.56,5.2,3.76,1,1,2,Public,23,58.57
STU0219,17,Female,Bachelor,63393.08,2.25,5.18,89.76,6.1,7.45,1,1,4,Public,23,53.16
STU0220,18,Female,Bachelor,77982.85,3.15,5.2,96.29,6.21,3.67,1,0,2,Public,26,53.56
STU0221,21,Male,Bachelor,38976.94,3.47,6.36,74.01,7.9,3.34,1,1,0,Public,24,59.58
STU0222,16,Male,Bachelor,118423.69,3.9,4.77,96.87,6.26,1.5,1,1,5,Private,24,82.56
STU0223,19,Male,High School,20000.0,0.61,11.38,61.97,5.97,0.0,1,1,0,Public,16,2.93
STU0224,16,Female,Bachelor,31103.4,1.97,2.31,86.43,6.27,0.38,1,1,2,Public,26,24.95
STU0225,17,Male,No Formal Education,20466.45,2.13,6.88,96.05,8.34,2.29,1,1,3,Public,24,49.61
STU0226,20,Male,High School,20000.0,2.53,7.08,94.86,7.02,3.37,1,1,2,Public,33,54.08
STU0227,18,Female,Master,33991.15,1.47,2.51,28.98,6.78,1.62,1,1,6,Public,20,15.23
STU0228,16,Male,Bachelor,32945.24,2.96,6.83,83.78,6.87,3.94,1,1,5,Public,15,58.21
STU0229,17,Female,Master,121876.05,3.84,7.21,67.08,8.55,2.21,0,1,3,Public,28,84.51
STU0230,19,Male,High School,60153.17,1.47,1.0,94.61,6.1,0.23,1,1,4,Private,26,26.73
STU0231,17,Male,No Formal Education,20000.0,2.08,2.12,95.63,8.58,0.64,1,1,5,Private,19,44.26
STU0232,18,Male,Bachelor,160055.2,3.25,14.34,89.41,7.25,5.5,1,0,2,Public,17,70.78
STU0233,18,Female,High School,96454.53,3.03,3.07,94.99,6.81,3.87,1,1,2,Public,32,57.72
STU0234,17,Female,High School,57854.02,2.59,1.69,96.36,10.0,6.75,1,1,4,Public,32,60.19
STU0235,21,Female,High School,30297.26,3.87,1.0,99.72,5.73,0.38,1,1,4,Private,12,75.45
STU0236,19,Male,Bachelor,20000.0,1.65,1.93,99.71,6.58,13.88,1,1,7,Public,22,33.59
STU0237,16,Female,Bachelor,26963.37,2.95,4.61,90.09,5.52,0.7,0,1,6,Private,33,49.98
STU0238,18,Male,Master,86768.5,2.61,1.57,84.68,8.14,0.04,1,1,4,Public,22,52.92
STU0239,17,Male,Bachelor,164007.76,3.3,8.12,94.18,9.03,17.88,1,1,3,Public,22,87.37
STU0240,19,Female,High School,124815.86,1.35,2.47,92.01,9.0,0.99,1,1,5,Public,23,33.72
STU0241,17,Male,Bachelor,24561.13,3.05,6.39,53.93,8.47,3.31,1,1,2,Private,19,57.68
STU0242,18,Male,Master,20000.0,3.69,12.99,93.86,6.76,0.58,1,1,6,Private,16,80.91
STU0243,19,Male,High School,40648.17,2.17,12.45,95.85,6.56,2.6,1,1,2,Public,30,61.79
STU0244,19,Male,High School,20000.0,2.87,6.31,84.79,4.99,7.03,0,1,6,Public,15,56.74
STU0245,16,Male,High School,47029.68,3.97,1.81,75.83,9.44,1.16,1,1,3,Public,26,61.33
STU0246,17,Female,Master,32270.8,1.04,4.86,93.37,7.56,3.33,1,1,2,Public,29,24.11
STU0247,17,Male,Master,25013.5,3.35,6.47,86.13,6.41,0.62,1,1,5,Private,17,61.98
STU0248,17,Female,Bachelor,20000.0,2.26,22.4,63.54,8.59,2.94,1,1,3,Private,20,69.74
STU0249,21,Female,Master,54769.03,2.99,1.0,81.17,5.83,1.23,1,1,2,Private,31,43.29
STU0250,19,Male,Master,23714.44,2.4,4.88,96.29,7.49,0.71,1,1,2,Private,27,51.91
STU0251,16,Male,Bachelor,20000.0,3.88,7.91,89.3,6.79,1.13,1,1,1,Public,21,76.61
STU0252,19,Male,PhD,20000.0,2.83,5.49,86.45,7.77,0.59,1,1,4,Private,31,60.81
STU0253,21,Female,High School,35524.86,3.01,5.96,83.59,6.92,6.97,1,1,2,Private,31,61.07
STU0254,20,Male,High School,149911.63,2.84,2.6,58.91,5.26,1.52,1,0,3,Public,26,28.93
STU0255,16,Female,High School,137174.26,3.91,9.71,74.56,7.09,0.84,1,1,2,Private,20,79.95
STU0256,17,Male,High School,25193.04,2.2,5.2,93.87,8.26,1.78,1,1,3,Public,22,44.48
STU0257,20,Female,Bachelor,22431.7,3.53,5.94,94.79,6.96,1.16,1,1,2,Private,26,68.28
STU0258,17,Male,PhD,52839.77,3.12,10.42,87.99,7.93,4.09,1,0,0,Public,24,70.03
STU0259,19,Male,High School,20000.0,2.73,3.93,98.74,5.75,10.64,1,0,2,Public,29,50.75
STU0260,19,Female,High School,46232.28,0.43,12.0,83.85,6.97,1.73,1,1,3,Public,17,22.85
STU0261,17,Female,Bachelor,67027.9,0.37,1.52,73.26,6.25,5.92,1,1,1,Public,17,2.14
STU0262,18,Male,PhD,96910.83,3.03,6.2,86.37,7.9,2.5,1,1,2,Public,25,64.51
STU0263,16,Female,Bachelor,33519.3,3.28,2.46,99.39,7.04,0.51,1,1,3,Public,22,61.58
STU0264,16,Female,Bachelor,30855.21,2.67,1.9,68.01,7.83,3.52,1,1,1,Public,21,35.94
STU0265,18,Female,High School,20000.0,2.43,16.73,93.94,8.31,2.16,1,0,4,Public,16,60.94
STU0266,16,Female,High School,20000.0,3.7,1.6,99.2,7.83,3.15,0,1,1,Private,25,69.05
STU0267,20,Male,No Formal Education,30297.39,2.02,5.28,90.81,7.33,6.61,1,1,5,Private,24,40.36
STU0268,16,Male,No Formal Education,48722.31,3.76,1.48,94.01,5.8,1.74,1,1,1,Public,28,68.57
STU0269,17,Male,High School,75423.01,3.34,11.5,86.84,7.0,6.94,1,1,1,Private,25,81.57
STU0270,18,Female,No Formal Education,20000.0,3.21,3.62,65.22,6.36,4.17,1,1,5,Public,24,43.6
STU0271,20,Female,Bachelor,119868.53,0.6,10.38,76.35,6.59,2.01,1,1,0,Private,30,30.11
STU0272,16,Male,PhD,29234.39,0.94,7.72,78.03,6.55,2.77,1,1,2,Public,18,27.07
STU0273,20,Male,Bachelor,35700.01,3.54,20.28,94.58,5.82,1.18,1,0,2,Public,27,82.31
STU0274,18,Female,Bachelor,20000.0,3.85,1.18,82.68,4.65,12.33,1,1,4,Public,16,62.96
STU0275,17,Other,Bachelor,20000.0,2.7,2.1,44.2,6.2,3.3,1,1,2,Public,20,37.95
STU0276,19,Female,Master,73661.56,1.11,10.0,81.24,7.23,0.13,0,1,4,Private,18,35.25
STU0277,18,Male,High School,65478.37,1.85,6.42,99.67,5.38,1.19,1,1,5,Private,28,37.63
STU0278,17,Male,High School,28996.72,3.5,4.17,95.27,7.02,2.93,1,1,2,Public,24,59.25
STU0279,18,Male,Bachelor,38314.84,3.84,17.88,93.96,9.28,0.17,1,1,3,Public,24,85.68
STU0280,17,Female,Master,54871.61,3.13,5.0,81.08,8.23,0.07,1,1,4,Private,19,65.3
STU0281,18,Male,High School,20000.0,2.76,2.55,81.4,8.97,1.79,1,1,5,Private,23,56.69
STU0282,19,Female,Master,23783.75,3.82,10.47,78.67,7.47,1.21,1,1,2,Public,21,80.67
STU0283,20,Male,No Formal Education,68556.38,3.86,5.13,84.76,8.4,1.73,1,1,4,Public,26,72.29
STU0284,16,Female,High School,20000.0,3.69,5.44,62.85,6.13,0.91,1,1,4,Public,20,51.35
STU0285,21,Female,Master,45928.74,3.03,8.19,85.02,6.23,0.54,1,1,2,Public,31,55.97
STU0286,16,Female,Bachelor,20000.0,1.85,8.42,81.87,4.0,3.51,0,1,3,Public,16,38.7
STU0287,18,Male,PhD,52740.77,3.65,2.07,91.1,8.42,2.17,1,1,0,Public,20,69.67
STU0288,19,Male,High School,35294.65,3.09,3.98,82.61,8.85,0.67,1,0,7,Private,33,56.67
STU0289,18,Male,Master,20000.0,2.99,1.34,80.03,6.34,1.16,1,1,0,Public,22,42.95
STU0290,17,Female,Master,92207.01,3.34,6.49,88.34,6.7,2.69,1,1,0,Private,18,71.54
STU0291,18,Female,PhD,20177.57,2.51,16.54,73.7,6.1,0.22,1,1,1,Private,26,59.45
STU0292,17,Female,Master,20000.0,2.91,2.15,90.4,7.46,0.48,1,1,1,Private,22,62.19
STU0293,17,Female,Bachelor,42636.05,3.76,1.09,85.74,8.35,0.23,1,1,0,Public,20,69.49
STU0294,19,Female,Bachelor,91026.86,3.29,2.93,69.53,4.91,5.02,1,1,1,Private,19,50.83
STU0295,19,Male,PhD,20000.0,3.13,4.14,87.96,7.49,4.19,1,1,5,Public,38,62.85
STU0296,17,Female,Bachelor,38152.4,0.12,8.47,71.7,6.67,4.2,1,1,0,Public,23,6.08
STU0297,19,Male,High School,51177.39,3.04,3.8,90.63,7.14,3.78,1,1,6,Public,15,51.86
STU0298,18,Male,PhD,63226.86,3.81,6.57,93.78,7.55,3.32,1,1,3,Public,32,75.64
STU0299,19,Female,Master,41820.97,2.86,3.31,87.15,6.77,1.94,1,1,4,Private,28,57.33
STU0300,19,Male,Master,27075.32,2.7,4.33,76.01,6.88,3.08,1,1,0,Private,21,53.07
STU0301,17,Male,High School,20000.0,3.28,2.47,98.03,6.74,0.12,1,1,7,Public,20,61.23
STU0302,17,Female,Master,38906.44,1.67,1.81,89.12,8.16,2.91,1,1,4,Public,28,35.2
STU0303,19,Male,Bachelor,20000.0,3.49,8.69,90.29,7.5,4.51,1,0,0,Public,23,72.67
STU0304,19,Female,Master,20000.0,1.53,3.51,94.89,7.26,2.08,1,1,2,Public,15,36.95
STU0305,18,Male,High School,51495.4,3.72,6.93,95.41,5.47,1.33,1,1,8,Private,33,76.05
STU0306,18,Male,Master,74843.0,1.12,2.44,68.11,6.55,0.97,1,1,3,Public,22,8.73
STU0307,20,Male,No Formal Education,20000.0,3.02,5.03,71.67,8.08,3.09,0,1,2,Private,32,30.1
STU0308,17,Male,High School,20000.0,2.86,1.0,91.66,7.05,3.54,1,1,3,Public,31,51.14
STU0309,19,Female,No Formal Education,59594.79,2.15,3.73,94.55,7.79,6.14,1,1,4,Public,19,40.31
STU0310,18,Male,Bachelor,188338.54,2.29,2.68,90.07,9.12,1.26,1,1,1,Public,30,48.29
STU0311,18,Female,PhD,36924.66,2.67,11.19,93.6,8.25,4.41,1,1,5,Public,21,69.4
STU0312,20,Female,Master,20284.2,3.22,1.54,95.48,7.11,2.47,1,0,1,Public,15,65.61
STU0313,19,Female,Bachelor,31372.37,3.38,4.47,38.47,6.39,6.43,1,1,5,Private,22,52.71
STU0314,19,Female,Master,109087.01,1.85,6.43,95.24,4.0,2.25,1,1,2,Private,26,42.55
STU0315,20,Female,PhD,21660.13,3.54,10.14,79.8,6.8,2.19,1,0,1,Public,22,73.47
STU0316,18,Male,Bachelor,20000.0,2.88,9.2,99.9,6.61,2.59,1,1,0,Public,23,64.82
STU0317,19,Male,Bachelor,24681.4,3.75,4.75,75.47,7.47,4.15,1,0,2,Public,30,59.11
STU0318,18,Male,Master,20000.0,3.8,5.29,96.68,6.82,10.03,1,1,1,Public,25,84.27
STU0319,18,Female,Master,40060.11,2.69,11.18,94.85,6.62,0.23,0,1,2,Public,20,53.69
STU0320,18,Male,Master,133218.08,2.82,4.68,99.65,4.86,0.16,0,0,0,Public,28,49.0
STU0321,18,Female,Master,47026.35,1.89,5.72,94.48,5.87,8.32,0,0,3,Private,25,31.57
STU0322,19,Female,Bachelor,29676.69,3.58,11.43,89.0,7.57,2.26,1,1,6,Private,12,82.15
STU0323,17,Male,Master,28754.54,3.67,22.12,98.14,9.06,2.86,0,1,2,Private,27,100.0
STU0324,21,Female,High School,20000.0,3.21,6.1,88.14,6.88,1.98,1,1,0,Public,26,68.28
STU0325,16,Male,Bachelor,73606.44,0.88,7.36,85.02,7.39,0.3,1,1,2,Private,25,18.69
STU0326,16,Male,High School,34123.11,1.09,9.01,98.96,8.14,4.38,1,1,1,Public,29,33.02
STU0327,20,Female,Bachelor,31433.08,1.99,11.36,96.73,6.03,4.13,1,1,6,Public,21,56.55
STU0328,19,Female,Bachelor,200000.0,3.0,10.31,95.22,7.44,1.12,1,0,4,Private,26,70.25
STU0329,19,Female,Bachelor,46120.02,1.91,3.1,95.15,6.11,1.1,1,1,1,Public,17,38.13
STU0330,19,Male,Master,20000.0,2.66,6.4,81.43,8.04,5.46,1,1,2,Public,27,51.42
STU0331,18,Male,Bachelor,25820.24,3.74,10.36,98.28,7.18,0.23,1,1,5,Private,34,77.32
STU0332,17,Female,Bachelor,91012.9,0.72,13.0,83.4,7.36,6.39,1,1,2,Private,20,42.34
STU0333,18,Female,High School,39759.99,2.58,4.48,85.84,6.06,0.89,1,1,3,Private,21,47.5
STU0334,17,Female,Bachelor,20000.0,3.83,6.29,80.66,7.85,2.7,1,0,2,Public,21,69.55
STU0335,19,Male,High School,75764.35,3.97,6.83,96.75,9.5,8.25,1,1,1,Public,25,85.44
STU0336,18,Female,High School,21279.19,3.88,5.15,97.65,5.79,3.4,1,1,5,Private,19,68.52
STU0337,17,Male,Bachelor,162533.31,3.44,6.17,83.66,6.59,1.61,1,1,3,Public,27,70.85
STU0338,18,Male,Master,86166.65,2.43,31.01,86.87,7.28,3.51,1,1,3,Public,29,88.31
STU0339,19,Female,Bachelor,25390.81,3.29,4.33,95.63,7.94,1.26,1,1,2,Public,27,76.81
STU0340,17,Male,Bachelor,101195.86,0.47,4.6,75.81,6.33,0.97,0,1,5,Public,16,3.56
STU0341,17,Other,Bachelor,38341.36,2.28,1.0,69.78,4.0,17.13,1,1,2,Public,29,39.62
STU0342,18,Male,PhD,71841.6,3.55,1.0,91.74,8.63,4.17,1,1,2,Public,29,63.99
STU0343,18,Male,Bachelor,53518.69,3.2,7.18,91.05,7.91,3.1,1,1,2,Public,29,67.22
STU0344,17,Female,Bachelor,20000.0,3.64,10.39,90.08,4.91,1.32,1,1,0,Public,26,74.16
STU0345,17,Female,High School,21702.01,3.17,9.11,69.55,6.27,0.15,1,1,3,Public,26,43.82
STU0346,18,Female,Bachelor,82782.23,2.76,2.43,89.03,8.88,0.09,1,1,5,Public,30,53.19
STU0347,16,Female,Bachelor,27783.0,3.04,8.74,77.55,8.74,2.42,1,1,2,Private,34,60.82
STU0348,16,Female,Bachelor,26293.61,3.16,4.54,96.38,8.13,4.31,0,1,2,Public,20,58.43
STU0349,17,Female,Bachelor,20000.0,2.4,3.7,97.92,6.79,2.31,1,0,4,Public,30,45.7
STU0350,18,Female,Bachelor,50964.23,3.81,1.39,91.01,7.1,5.51,1,1,5,Private,24,78.01
STU0351,18,Male,Bachelor,189097.86,1.18,2.71,78.03,6.84,0.1,1,1,4,Public,24,22.81
STU0352,20,Female,Master,20000.0,3.42,7.3,73.65,8.35,1.37,1,1,2,Public,17,68.32
STU0353,19,Male,Master,37026.0,1.55,6.35,74.0,5.95,0.81,0,1,2,Public,23,27.13
STU0354,18,Other,Master,112395.19,3.19,5.68,77.53,6.03,1.78,1,1,2,Private,20,61.64
STU0355,18,Female,No Formal Education,34073.9,3.21,1.0,94.23,8.21,0.23,1,1,2,Private,22,54.09
STU0356,16,Male,High School,52150.94,2.27,5.72,90.9,6.95,9.25,1,1,2,Private,19,58.65
STU0357,18,Female,High School,20000.0,3.37,3.06,94.33,8.65,0.76,1,1,3,Private,22,68.21
STU0358,18,Female,High School,51156.54,3.67,6.39,82.5,6.19,7.67,1,1,5,Public,22,71.69
STU0359,18,Male,Bachelor,31265.94,3.1,11.59,69.65,6.93,1.66,1,1,3,Public,25,56.49
STU0360,17,Female,PhD,79904.22,1.89,3.46,95.83,5.89,12.71,1,1,3,Public,16,46.7
STU0361,19,Female,High School,93892.79,2.19,5.41,68.91,7.01,2.42,1,1,5,Public,17,39.15
STU0362,20,Male,PhD,200000.0,2.29,17.81,93.9,5.23,8.01,1,1,4,Private,26,65.49
STU0363,18,Female,High School,57740.06,2.22,6.15,91.55,6.41,0.02,0,1,1,Public,21,31.38
STU0364,19,Male,PhD,47128.68,3.23,4.91,97.44,5.28,4.14,1,1,2,Public,30,61.64
STU0365,19,Female,Bachelor,42425.61,3.87,2.47,80.71,7.83,7.0,1,1,1,Private,26,74.48
STU0366,17,Other,High School,27377.23,3.24,8.91,80.16,7.86,0.45,1,1,5,Public,28,60.05
STU0367,18,Female,Bachelor,47609.47,3.96,2.09,94.16,4.92,0.3,1,1,0,Public,32,58.47
STU0368,18,Female,High School,28672.07,1.12,11.94,68.37,8.6,1.66,1,1,5,Public,23,27.54
STU0369,18,Female,High School,41554.82,2.32,8.04,97.07,10.0,8.14,1,1,4,Public,22,59.96
STU0370,17,Female,Bachelor,104201.11,3.65,3.15,74.41,7.06,2.35,1,1,3,Public,29,60.24
STU0371,18,Male,Master,20000.0,3.16,2.54,91.07,6.23,2.25,1,1,3,Public,27,69.3
STU0372,19,Female,Bachelor,90391.26,2.1,2.6,77.17,10.39,0.46,1,1,3,Public,24,49.27
STU0373,20,Male,Bachelor,104160.9,3.25,1.0,85.23,5.42,0.0,1,1,1,Private,31,58.41
STU0374,19,Female,Bachelor,33042.34,3.84,7.06,88.32,7.02,4.98,1,1,1,Private,23,83.24
STU0375,21,Male,Master,20000.0,3.86,1.0,91.57,7.22,0.27,0,1,2,Public,25,59.37
STU0376,17,Male,High School,22331.25,3.01,4.67,76.66,8.61,3.01,1,1,3,Public,25,49.13
STU0377,19,Male,Bachelor,102497.7,3.33,4.44,95.89,7.43,7.38,1,1,3,Private,20,66.29
STU0378,18,Female,High School,35657.17,1.71,3.84,82.7,6.4,0.7,1,0,3,Private,25,34.76
STU0379,21,Male,High School,20000.0,3.25,7.02,84.63,5.86,3.28,1,0,4,Public,31,51.81
STU0380,17,Female,Master,24250.2,2.09,3.16,99.42,6.59,0.25,1,1,5,Public,27,37.25
STU0381,17,Male,High School,71146.47,3.25,5.73,67.15,5.79,2.78,1,1,2,Private,25,52.27
STU0382,17,Male,Bachelor,56240.19,1.52,11.94,98.75,7.06,0.54,1,1,2,Public,24,43.73
STU0383,16,Female,Master,29997.05,3.84,7.63,60.05,6.32,3.99,0,1,3,Public,26,64.82
STU0384,17,Female,High School,27079.72,0.47,3.57,91.39,5.21,1.08,1,0,2,Public,28,5.73
STU0385,17,Male,Bachelor,26544.91,2.52,5.03,88.57,8.51,1.87,1,1,4,Public,28,47.95
STU0386,18,Female,High School,20000.0,2.56,3.84,73.04,6.4,2.74,1,1,5,Public,23,45.76
STU0387,19,Female,No Formal Education,132230.32,3.81,4.39,85.12,5.48,0.56,1,0,4,Public,26,57.84
STU0388,21,Female,Bachelor,28061.21,3.17,5.87,82.59,6.8,4.06,1,0,4,Private,27,56.79
STU0389,19,Male,Master,96155.97,2.65,1.32,99.82,7.08,1.08,1,0,5,Public,19,54.25
STU0390,17,Male,Bachelor,122645.44,2.49,1.01,58.45,4.9,3.26,1,0,2,Public,25,23.75
STU0391,17,Female,High School,80712.5,3.71,2.28,85.84,7.4,0.52,1,1,5,Public,14,63.07
STU0392,19,Male,Bachelor,25711.76,2.53,7.26,98.94,5.74,3.5,1,1,1,Private,27,58.29
STU0393,16,Female,No Formal Education,50160.55,3.58,7.99,94.28,9.05,0.41,0,1,2,Public,28,66.71
STU0394,21,Female,Bachelor,35619.32,3.53,8.84,71.46,7.63,1.66,1,1,3,Public,28,64.07
STU0395,20,Female,Master,20000.0,3.11,2.36,73.08,6.52,0.85,1,1,3,Public,23,53.94
STU0396,17,Female,PhD,47074.53,2.75,5.39,67.94,6.11,4.14,1,1,3,Private,26,63.98
STU0397,16,Other,High School,20000.0,3.85,3.66,96.82,6.87,0.91,1,1,2,Public,32,71.94
STU0398,20,Male,High School,93914.82,3.0,4.54,99.46,7.74,6.4,1,1,5,Public,32,66.81
STU0399,18,Female,Bachelor,25041.91,2.65,3.61,91.81,6.97,6.67,1,1,3,Public,24,56.0
STU0400,20,Male,Bachelor,42656.19,2.05,6.12,95.48,6.74,0.66,1,1,2,Private,25,40.33
STU0401,16,Female,Master,45552.93,3.75,2.83,99.14,7.07,2.85,0,0,3,Public,30,65.56
STU0402,17,Female,PhD,29521.56,1.2,11.05,65.17,6.28,0.28,1,1,6,Private,17,33.71
STU0403,18,Female,Bachelor,58067.13,1.03,11.12,84.04,6.59,1.49,1,1,8,Private,23,36.7
STU0404,18,Other,High School,24836.69,3.16,7.1,74.54,4.5,3.75,0,1,3,Private,31,51.09
STU0405,17,Female,Master,72914.14,3.34,10.18,87.82,8.17,3.23,1,1,0,Public,29,76.14
STU0406,19,Male,High School,20000.0,2.14,1.27,84.78,7.36,2.94,0,1,5,Private,26,34.73
STU0407,16,Male,Master,40179.16,1.67,11.49,99.25,6.07,1.0,1,1,3,Public,17,48.39
STU0408,18,Female,Bachelor,171295.12,3.06,6.62,96.93,9.28,1.42,1,0,4,Public,24,60.05
STU0409,18,Male,Master,20000.0,4.0,2.98,88.83,7.1,0.33,1,1,3,Private,22,72.9
STU0410,19,Male,High School,21116.37,2.4,2.72,52.8,5.76,3.81,1,1,2,Public,26,36.82
STU0411,19,Male,Bachelor,54782.51,3.13,14.18,98.85,8.03,2.1,1,1,3,Public,20,79.66
STU0412,16,Male,Bachelor,41926.17,1.05,8.94,56.21,7.48,3.7,1,1,1,Public,19,22.02
STU0413,16,Male,Bachelor,48074.35,3.19,4.44,86.27,7.47,0.86,0,1,3,Public,14,67.77
STU0414,20,Male,High School,53709.74,2.41,1.25,80.85,6.49,1.18,1,1,0,Public,31,28.93
STU0415,18,Male,Master,60341.61,1.53,11.89,80.67,7.54,1.22,1,1,1,Private,23,38.85
STU0416,17,Male,PhD,88235.08,2.56,1.82,98.61,6.69,0.08,1,0,3,Private,25,60.08
STU0417,20,Other,High School,50405.47,3.41,3.71,97.15,7.67,1.25,1,1,1,Public,24,65.02
STU0418,18,Male,High School,29941.29,3.79,4.44,58.34,4.71,4.88,1,1,0,Public,19,53.26
STU0419,20,Male,High School,62196.81,1.74,2.69,98.3,6.48,6.83,1,1,0,Private,18,33.27
STU0420,18,Female,Bachelor,166026.97,0.72,4.28,92.93,9.07,2.19,0,1,4,Public,19,28.12
STU0421,21,Male,Bachelor,32659.56,3.98,4.97,84.12,6.08,1.82,1,0,3,Public,21,68.61
STU0422,21,Female,Bachelor,20000.0,0.87,4.21,89.03,6.28,0.09,1,1,4,Public,26,12.94
STU0423,18,Female,High School,88050.39,2.33,6.34,68.75,6.46,6.34,1,1,7,Public,21,43.82
STU0424,19,Male,Bachelor,32981.27,1.35,14.53,73.49,5.54,0.04,1,1,3,Public,33,30.86
STU0425,19,Male,Bachelor,20000.0,1.73,1.32,66.89,4.35,8.69,1,1,1,Public,30,22.38
STU0426,20,Female,Bachelor,71534.66,2.61,5.64,97.49,6.72,2.02,1,1,3,Public,29,48.28
STU0427,17,Female,No Formal Education,23664.65,1.21,1.84,80.45,7.16,1.26,1,1,3,Public,24,26.8
STU0428,19,Female,High School,33778.28,1.42,1.18,99.79,6.94,7.74,0,1,2,Public,32,32.64
STU0429,20,Female,Master,47362.42,1.98,9.66,90.45,6.83,0.07,0,0,7,Private,23,42.41
STU0430,16,Male,Bachelor,42293.97,0.88,6.0,64.14,7.05,2.61,1,1,2,Private,24,17.38
STU0431,16,Other,Bachelor,64059.11,0.67,1.1,89.14,8.23,2.39,1,1,4,Public,25,17.43
STU0432,16,Male,Master,25632.36,3.51,4.28,97.94,6.77,0.74,1,0,3,Public,28,59.54
STU0433,18,Female,Master,54747.37,0.48,2.28,73.15,6.31,1.68,0,0,2,Private,28,0.0
STU0434,19,Female,No Formal Education,29506.41,3.46,4.4,98.19,6.66,3.17,1,1,0,Public,22,63.65
STU0435,20,Female,High School,65581.46,3.98,8.19,71.33,7.7,3.9,1,1,7,Private,22,86.43
STU0436,18,Female,High School,59414.52,1.67,7.61,65.27,8.69,0.0,1,1,5,Public,28,38.86
STU0437,20,Male,Master,20000.0,3.56,3.63,78.79,6.25,8.29,1,0,5,Private,28,68.23
STU0438,16,Male,Bachelor,86576.67,3.14,9.97,80.76,7.12,0.54,1,1,1,Public,23,65.6
STU0439,16,Male,High School,23652.62,0.93,12.57,60.81,7.41,0.8,0,0,4,Public,17,10.7
STU0440,18,Male,High School,69317.05,3.79,8.29,96.58,5.81,0.92,1,1,4,Private,23,75.97
STU0441,19,Female,High School,48719.27,3.06,3.14,94.14,7.02,0.12,1,1,2,Public,28,60.45
STU0442,18,Male,PhD,158031.07,2.04,4.51,34.08,5.24,0.39,1,1,1,Public,34,17.02
STU0443,16,Male,High School,30370.51,3.52,14.22,75.83,4.88,12.88,1,1,4,Public,19,78.12
STU0444,18,Other,Bachelor,27461.67,3.25,3.85,99.76,7.44,1.14,1,1,5,Private,22,79.55
STU0445,16,Female,High School,35755.68,1.38,7.63,66.77,6.54,0.37,0,1,5,Public,23,27.55
STU0446,19,Female,Bachelor,28494.21,3.99,2.65,81.9,7.24,0.34,1,1,2,Public,31,74.32
STU0447,19,Other,High School,68868.46,2.86,10.02,94.95,6.98,3.81,1,1,6,Public,24,66.42
STU0448,17,Male,Bachelor,20000.0,0.46,2.39,97.57,5.83,5.78,1,1,3,Public,20,20.33
STU0449,17,Male,High School,20000.0,1.95,4.67,89.49,6.95,0.89,1,0,4,Public,27,29.7
STU0450,16,Female,Master,20000.0,3.0,7.44,95.07,5.52,0.06,1,0,4,Public,22,60.73
STU0451,18,Female,High School,77671.69,3.4,16.18,78.17,8.67,0.76,1,1,2,Public,18,81.72
STU0452,19,Male,Bachelor,142698.7,2.98,5.92,98.86,5.37,0.17,1,1,10,Public,20,63.66
STU0453,17,Female,PhD,33404.32,3.39,4.05,78.81,6.77,0.33,0,1,4,Public,33,65.4
STU0454,19,Male,Master,31727.61,1.63,3.81,85.65,5.75,1.69,1,1,3,Public,26,28.56
STU0455,17,Male,Bachelor,38408.79,3.06,9.72,91.62,7.68,0.78,1,1,0,Public,25,64.25
STU0456,17,Female,Bachelor,91996.21,2.55,7.01,99.94,6.6,2.18,1,1,2,Public,23,57.1
STU0457,18,Female,Bachelor,20000.0,3.13,8.08,94.23,6.38,0.88,1,1,2,Private,26,59.05
STU0458,16,Female,Master,43945.05,3.97,13.56,81.74,8.02,8.47,1,1,1,Public,26,90.56
STU0459,17,Male,No Formal Education,79233.79,2.61,5.24,88.11,7.04,7.09,1,1,4,Private,26,46.79
STU0460,16,Female,Master,54223.81,3.75,6.66,99.03,7.62,2.51,1,1,4,Public,25,85.26
STU0461,21,Male,Bachelor,42262.92,3.02,3.77,94.33,5.82,1.31,1,0,2,Public,29,50.18
STU0462,18,Male,Master,80889.3,3.93,2.57,64.51,5.31,1.44,1,1,3,Public,25,57.73
STU0463,17,Female,Bachelor,20000.0,2.21,3.03,91.35,7.13,1.59,1,0,6,Public,20,35.04
STU0464,18,Other,High School,62461.16,1.53,1.0,88.88,6.62,3.9,1,0,2,Private,21,24.51
STU0465,18,Female,Bachelor,21520.03,3.2,7.38,87.88,7.75,1.8,0,1,2,Private,15,68.02
STU0466,18,Female,No Formal Education,20000.0,2.25,6.85,98.18,6.9,5.83,1,1,4,Private,35,55.39
STU0467,19,Female,High School,54664.08,2.97,7.27,93.01,7.25,8.65,1,1,5,Public,29,61.02
STU0468,19,Female,Master,108980.78,0.85,2.41,65.17,5.05,1.23,1,1,2,Public,20,5.91
STU0469,17,Male,High School,32534.01,3.1,3.07,91.98,9.27,2.47,1,1,2,Public,23,64.95
STU0470,17,Male,Bachelor,77831.35,3.64,2.99,73.87,6.8,0.3,1,1,4,Private,21,58.82
STU0471,18,Male,High School,131903.07,2.4,10.69,84.36,7.84,0.67,1,1,3,Public,32,55.17
STU0472,16,Male,Bachelor,103977.68,0.08,5.76,93.97,6.0,1.6,1,1,4,Public,17,13.33
STU0473,16,Female,Master,134857.19,3.07,5.19,83.5,7.37,0.69,1,1,3,Public,25,63.1
STU0474,20,Female,Bachelor,65755.72,3.87,8.61,97.93,5.44,6.28,1,1,2,Public,24,83.2
STU0475,20,Male,Master,38574.51,3.93,2.99,92.86,7.54,0.52,1,1,5,Private,29,69.32
STU0476,18,Male,Master,20000.0,3.26,6.54,92.37,6.57,1.82,1,0,0,Public,24,49.93
STU0477,19,Female,PhD,29826.42,2.95,17.57,73.79,7.04,2.79,1,1,4,Public,16,70.94
STU0478,18,Male,High School,20000.0,3.63,11.85,57.72,7.84,3.53,1,1,3,Public,23,77.61
STU0479,23,Female,Bachelor,200000.0,0.81,6.47,60.61,5.52,1.45,1,1,1,Private,20,27.44
STU0480,20,Female,High School,31548.82,3.79,5.34,51.07,6.18,6.1,1,0,4,Public,25,63.53
STU0481,18,Female,No Formal Education,40077.24,2.43,7.23,84.16,7.55,2.52,1,1,4,Private,32,50.59
STU0482,17,Female,PhD,56454.39,0.62,12.96,90.3,9.52,1.74,1,1,3,Public,16,30.8
STU0483,16,Female,Bachelor,37604.61,2.02,12.35,86.79,6.83,0.21,1,1,0,Private,20,37.98
STU0484,18,Male,Master,140933.13,1.79,14.43,70.29,7.71,1.87,1,1,3,Private,22,48.94
STU0485,17,Female,Bachelor,22067.93,3.36,6.0,79.47,6.87,5.16,1,0,5,Public,23,58.03
STU0486,16,Female,Bachelor,42433.18,2.1,1.0,97.58,9.33,2.86,1,1,1,Public,28,52.05
STU0487,17,Male,High School,20050.78,1.69,16.76,99.13,4.9,5.35,1,1,5,Public,24,55.98
STU0488,16,Female,Master,20000.0,3.21,2.56,64.66,7.11,2.04,0,1,2,Public,27,49.21
STU0489,21,Female,High School,22260.85,3.81,8.51,75.69,5.05,0.38,1,1,2,Private,21,61.77
STU0490,19,Female,Master,35255.28,1.53,1.0,96.02,4.0,0.04,1,0,2,Public,26,15.06
STU0491,18,Female,Master,25759.49,3.17,5.11,99.58,7.36,1.08,1,1,3,Public,28,67.03
STU0492,20,Female,Master,20869.9,3.13,3.86,93.81,7.17,3.59,0,1,5,Public,21,64.27
STU0493,18,Female,High School,20000.0,1.35,14.45,92.84,6.66,4.69,1,0,5,Public,28,41.44
STU0494,17,Female,Bachelor,33979.6,2.99,6.53,74.85,6.87,1.05,1,1,2,Private,25,49.99
STU0495,20,Female,High School,20000.0,3.55,5.07,95.4,10.72,2.05,1,1,3,Public,30,78.2
STU0496,19,Female,Bachelor,66705.64,3.46,7.06,94.15,6.69,1.64,1,0,0,Private,23,68.43
STU0497,16,Female,High School,38791.32,3.25,1.0,96.13,7.61,1.59,1,1,4,Private,26,55.22
STU0498,18,Female,PhD,20000.0,3.62,2.94,77.07,6.22,0.79,1,0,2,Public,24,53.73
STU0499,17,Male,Bachelor,28357.1,3.14,3.34,67.45,7.35,0.44,0,1,8,Public,24,52.45
STU0500,16,Female,Bachelor,20000.0,2.32,7.88,96.1,6.71,0.66,1,1,5,Private,26,52.11
